{
  "attempt_number": 2,
  "config": {
    "hidden_dims": [
      512,
      256,
      128
    ],
    "dropout": 0.1,
    "activation": "elu",
    "learning_rate": 0.00025,
    "batch_size": 512,
    "lambda_efficiency": 0.2,
    "scheduler": "cosine",
    "epochs": 50,
    "patience": 10,
    "target_coverage": 0.9
  },
  "best_coverage": 0.0,
  "best_mpiw": Infinity,
  "best_mpiw_small": 0,
  "best_mpiw_medium": 0,
  "best_mpiw_large": 0,
  "baseline_mpiw": 48.5,
  "mpiw_reduction": 0,
  "total_epochs": 10,
  "total_time": 96.40305733680725,
  "training_history": [
    {
      "epoch": 1,
      "train_loss": 1.1209568718949114,
      "train_metrics": {
        "total_loss": 1.1209568718949114,
        "coverage_loss": 0.4176343410441883,
        "efficiency_loss": 0.01587203450520661,
        "ordering_violation": 0.0,
        "coverage_penalty": 0.7001481250243605,
        "coverage_small": 0.009149945824720913,
        "coverage_medium": 0.005912964885293908,
        "coverage_large": 0.0061146976352432665,
        "mpiw_small": 0.43802062705654393,
        "mpiw_medium": 0.7282433366217282,
        "mpiw_large": 2.118431233297302,
        "overall_coverage": 0.002785805250783699,
        "overall_mpiw": 1.193607409915175
      },
      "val_metrics": {
        "total_loss": 1.12058189868927,
        "coverage_loss": 0.4178399729728699,
        "efficiency_loss": 0.012637230791151524,
        "ordering_violation": 0.0,
        "coverage_penalty": 0.7002144742012024,
        "coverage_small": 0.011961784524222216,
        "coverage_medium": 0.005649717524647713,
        "coverage_large": 0.0054965811626364785,
        "mpiw_small": 0.35342746376991274,
        "mpiw_medium": 0.5935249495506286,
        "mpiw_large": 1.7105191850662231,
        "overall_coverage": 0.00234375,
        "overall_mpiw": 1.0045080494880676
      },
      "tau": 0.7068594694137573,
      "is_best": false
    },
    {
      "epoch": 2,
      "train_loss": 1.1213429481961577,
      "train_metrics": {
        "total_loss": 1.1213429481961577,
        "coverage_loss": 0.4185453979945615,
        "efficiency_loss": 0.009838992843736424,
        "ordering_violation": 0.0,
        "coverage_penalty": 0.700829751722042,
        "coverage_small": 0.008398929491725772,
        "coverage_medium": 0.005149508055684896,
        "coverage_large": 0.0056215276090370025,
        "mpiw_small": 0.27207247139689067,
        "mpiw_medium": 0.45222214796211785,
        "mpiw_large": 1.3103257464948377,
        "overall_coverage": 0.0021870930989583335,
        "overall_mpiw": 0.7394706738994561
      },
      "val_metrics": {
        "total_loss": 1.1211676120758056,
        "coverage_loss": 0.41880831122398376,
        "efficiency_loss": 0.006796638853847981,
        "ordering_violation": 0.0,
        "coverage_penalty": 0.7009999752044678,
        "coverage_small": 0.0,
        "coverage_medium": 0.0,
        "coverage_large": 0.0,
        "mpiw_small": 0.19008483946323396,
        "mpiw_medium": 0.3192121732234955,
        "mpiw_large": 0.9199588751792908,
        "overall_coverage": 0.0,
        "overall_mpiw": 0.5402495288848876
      },
      "tau": 0.3801659643650055,
      "is_best": false
    },
    {
      "epoch": 3,
      "train_loss": 1.1205647377989443,
      "train_metrics": {
        "total_loss": 1.1205647377989443,
        "coverage_loss": 0.4187933616452707,
        "efficiency_loss": 0.003905898646248949,
        "ordering_violation": 0.0,
        "coverage_penalty": 0.7009901954958446,
        "coverage_small": 0.008232118794694543,
        "coverage_medium": 0.00524029911806186,
        "coverage_large": 0.00491028610849753,
        "mpiw_small": 0.10803536237625468,
        "mpiw_medium": 0.17950036330851993,
        "mpiw_large": 0.5204120169188321,
        "overall_coverage": 0.001953125,
        "overall_mpiw": 0.2936995884015301
      },
      "val_metrics": {
        "total_loss": 1.1199921464920044,
        "coverage_loss": 0.41880831122398376,
        "efficiency_loss": 0.0009192532580345869,
        "ordering_violation": 0.0,
        "coverage_penalty": 0.7009999752044678,
        "coverage_small": 0.0,
        "coverage_medium": 0.0,
        "coverage_large": 0.0,
        "mpiw_small": 0.025704498812556268,
        "mpiw_medium": 0.043176659196615216,
        "mpiw_large": 0.12443423271179199,
        "overall_coverage": 0.0,
        "overall_mpiw": 0.07307300299406051
      },
      "tau": 0.05142202228307724,
      "is_best": false
    },
    {
      "epoch": 4,
      "train_loss": 1.1198249226970616,
      "train_metrics": {
        "total_loss": 1.1198249226970616,
        "coverage_loss": 0.41880831122398376,
        "efficiency_loss": 8.259021387976205e-05,
        "ordering_violation": 4.41507991505811e-05,
        "coverage_penalty": 0.7009999752044678,
        "coverage_small": 0.0,
        "coverage_medium": 0.0,
        "coverage_large": 0.0,
        "mpiw_small": 0.0023483241857423366,
        "mpiw_medium": 0.0039044271941514447,
        "mpiw_large": 0.01131145828293477,
        "overall_coverage": 0.0,
        "overall_mpiw": 0.0063808251593365775
      },
      "val_metrics": {
        "total_loss": 1.119810996055603,
        "coverage_loss": 0.41880831122398376,
        "efficiency_loss": 1.3525981848943047e-05,
        "ordering_violation": 0.0,
        "coverage_penalty": 0.7009999752044678,
        "coverage_small": 0.0,
        "coverage_medium": 0.0,
        "coverage_large": 0.0,
        "mpiw_small": 0.0003743881918489933,
        "mpiw_medium": 0.0006375618395395577,
        "mpiw_large": 0.0018384857615455984,
        "overall_coverage": 0.0,
        "overall_mpiw": 0.0010783204343169928
      },
      "tau": 0.0007598372758366168,
      "is_best": false
    },
    {
      "epoch": 5,
      "train_loss": 1.1198096309543737,
      "train_metrics": {
        "total_loss": 1.1198096309543737,
        "coverage_loss": 0.41880831122398376,
        "efficiency_loss": 6.334423368165552e-06,
        "ordering_violation": 2.138480383469717e-05,
        "coverage_penalty": 0.7009999752044678,
        "coverage_small": 0.0,
        "coverage_medium": 0.0,
        "coverage_large": 0.0,
        "mpiw_small": 0.00018194043342856272,
        "mpiw_medium": 0.0003023756378047188,
        "mpiw_large": 0.000875399402712184,
        "overall_coverage": 0.0,
        "overall_mpiw": 0.0004937653169443773
      },
      "val_metrics": {
        "total_loss": 1.1198102712631226,
        "coverage_loss": 0.41880831122398376,
        "efficiency_loss": 9.910590124491137e-06,
        "ordering_violation": 0.0,
        "coverage_penalty": 0.7009999752044678,
        "coverage_small": 0.0,
        "coverage_medium": 0.0,
        "coverage_large": 0.0,
        "mpiw_small": 0.0002766602230258286,
        "mpiw_medium": 0.0004655457229819149,
        "mpiw_large": 0.0013430313300341367,
        "overall_coverage": 0.0,
        "overall_mpiw": 0.0007883436628617346
      },
      "tau": 0.0005546609754674137,
      "is_best": false
    },
    {
      "epoch": 6,
      "train_loss": 1.1198096320348203,
      "train_metrics": {
        "total_loss": 1.1198096320348203,
        "coverage_loss": 0.41880831122398376,
        "efficiency_loss": 6.262542419393302e-06,
        "ordering_violation": 2.6408535342912017e-05,
        "coverage_penalty": 0.7009999752044678,
        "coverage_small": 0.0,
        "coverage_medium": 0.0,
        "coverage_large": 0.0,
        "mpiw_small": 0.0001797735907106939,
        "mpiw_medium": 0.0002986839903319412,
        "mpiw_large": 0.0008662748878970552,
        "overall_coverage": 0.0,
        "overall_mpiw": 0.0004886103620396859
      },
      "val_metrics": {
        "total_loss": 1.119809865951538,
        "coverage_loss": 0.41880831122398376,
        "efficiency_loss": 7.740503206150606e-06,
        "ordering_violation": 0.0,
        "coverage_penalty": 0.7009999752044678,
        "coverage_small": 0.0,