{
  "attempt_number": 3,
  "config": {
    "hidden_dims": [
      256,
      128,
      64,
      32
    ],
    "dropout": 0.1,
    "activation": "elu",
    "learning_rate": 0.000125,
    "batch_size": 512,
    "lambda_efficiency": 0.15000000000000002,
    "scheduler": "cosine",
    "epochs": 50,
    "patience": 10,
    "target_coverage": 0.9
  },
  "best_coverage": 0.0,
  "best_mpiw": Infinity,
  "best_mpiw_small": 0,
  "best_mpiw_medium": 0,
  "best_mpiw_large": 0,
  "baseline_mpiw": 48.5,
  "mpiw_reduction": 0,
  "total_epochs": 10,
  "total_time": 105.95140933990479,
  "training_history": [
    {
      "epoch": 1,
      "train_loss": 1.1198070814602326,
      "train_metrics": {
        "total_loss": 1.1198070814602326,
        "coverage_loss": 0.41706965105141036,
        "efficiency_loss": 0.020167699519803697,
        "ordering_violation": 0.0,
        "coverage_penalty": 0.6997122751532004,
        "coverage_small": 0.009412054864403148,
        "coverage_medium": 0.0063420148905028,
        "coverage_large": 0.00685007078144322,
        "mpiw_small": 0.5477011930366297,
        "mpiw_medium": 0.91740277913762,
        "mpiw_large": 2.7477878107044993,
        "overall_coverage": 0.00326928396592848,
        "overall_mpiw": 1.532533463034385
      },
      "val_metrics": {
        "total_loss": 1.1198071432113648,
        "coverage_loss": 0.41747650742530823,
        "efficiency_loss": 0.01626637637615204,
        "ordering_violation": 0.0,
        "coverage_penalty": 0.6998906707763672,
        "coverage_small": 0.011440201662480831,
        "coverage_medium": 0.005391526501625776,
        "coverage_large": 0.005106510827317834,
        "mpiw_small": 0.4549332046508789,
        "mpiw_medium": 0.7639670968055725,
        "mpiw_large": 2.201720027923584,
        "overall_coverage": 0.0025540865384615385,
        "overall_mpiw": 1.292971272468567
      },
      "tau": 0.9098448753356934,
      "is_best": false
    },
    {
      "epoch": 2,
      "train_loss": 1.1203890721063239,
      "train_metrics": {
        "total_loss": 1.1203890721063239,
        "coverage_loss": 0.41781563606687183,
        "efficiency_loss": 0.015245071010174529,
        "ordering_violation": 0.0,
        "coverage_penalty": 0.700286674130359,
        "coverage_small": 0.009003673646204321,
        "coverage_medium": 0.0054453004203322865,
        "coverage_large": 0.005896692395853903,
        "mpiw_small": 0.42161339597939723,
        "mpiw_medium": 0.7004275668603777,
        "mpiw_large": 2.030700907426298,
        "overall_coverage": 0.0025678140862944164,
        "overall_mpiw": 1.1459589655485758
      },
      "val_metrics": {
        "total_loss": 1.1200850534439086,
        "coverage_loss": 0.4178851819038391,
        "efficiency_loss": 0.013730632327497005,
        "ordering_violation": 0.0,
        "coverage_penalty": 0.7001402854919434,
        "coverage_small": 0.012223299282292524,
        "coverage_medium": 0.005262430990114808,
        "coverage_large": 0.004549629637040198,
        "mpiw_small": 0.38400931119918824,
        "mpiw_medium": 0.6448759841918945,
        "mpiw_large": 1.85850989818573,
        "overall_coverage": 0.002170138888888889,
        "overall_mpiw": 1.0914170598983766
      },
      "tau": 0.7680155634880066,
      "is_best": false
    },
    {
      "epoch": 3,
      "train_loss": 1.120731977267568,
      "train_metrics": {
        "total_loss": 1.120731977267568,
        "coverage_loss": 0.4182689038873439,
        "efficiency_loss": 0.012481042862028514,
        "ordering_violation": 0.0,
        "coverage_penalty": 0.7005909159554455,
        "coverage_small": 0.00838195885561647,
        "coverage_medium": 0.005384316028868581,
        "coverage_large": 0.005368185130961863,
        "mpiw_small": 0.3451438767672305,
        "mpiw_medium": 0.573656705548576,
        "mpiw_large": 1.6622080626444513,
        "overall_coverage": 0.00224389922752809,
        "overall_mpiw": 0.9381681442080668
      },
      "val_metrics": {
        "total_loss": 1.1204675912857056,
        "coverage_loss": 0.41832168102264405,
        "efficiency_loss": 0.010903565473854541,
        "ordering_violation": 0.0,
        "coverage_penalty": 0.7005103707313538,
        "coverage_small": 0.009082762990146875,
        "coverage_medium": 0.005262430990114808,
        "coverage_large": 0.004651162773370743,
        "mpiw_small": 0.30494163393974305,
        "mpiw_medium": 0.5121010506153106,
        "mpiw_large": 1.4758558177947998,
        "overall_coverage": 0.001953125,
        "overall_mpiw": 0.8667015433311462
      },
      "tau": 0.6098874807357788,
      "is_best": false
    },
    {
      "epoch": 4,
      "train_loss": 1.12085958730058,
      "train_metrics": {
        "total_loss": 1.12085958730058,
        "coverage_loss": 0.41858607244725676,
        "efficiency_loss": 0.00957093929402035,
        "ordering_violation": 0.0,
        "coverage_penalty": 0.7008378729899484,
        "coverage_small": 0.008140762873853628,
        "coverage_medium": 0.005174102158182197,
        "coverage_large": 0.005389637999482207,
        "mpiw_small": 0.26466367639083516,
        "mpiw_medium": 0.43981469530623485,
        "mpiw_large": 1.2745056238779489,
        "overall_coverage": 0.0020865683229813665,
        "overall_mpiw": 0.7193136705912853
      },
      "val_metrics": {
        "total_loss": 1.1209721326828004,
        "coverage_loss": 0.4187715137004852,
        "efficiency_loss": 0.008004309851676225,
        "ordering_violation": 0.0,
        "coverage_penalty": 0.7009999752044678,
        "coverage_small": 0.0,
        "coverage_medium": 0.0,
        "coverage_large": 0.004651162773370743,
        "mpiw_small": 0.2238573205471039,
        "mpiw_medium": 0.3759333384037018,
        "mpiw_large": 1.0834286403656006,
        "overall_coverage": 0.001953125,
        "overall_mpiw": 0.6362467241287232
      },
      "tau": 0.44771847128868103,
      "is_best": false
    },
    {
      "epoch": 5,
      "train_loss": 1.1206972154245636,
      "train_metrics": {
        "total_loss": 1.1206972154245636,
        "coverage_loss": 0.4187498309866179,
        "efficiency_loss": 0.0066322182724393025,
        "ordering_violation": 0.0,
        "coverage_penalty": 0.7009525521014032,
        "coverage_small": 0.008127727118941644,
        "coverage_medium": 0.005193433517383205,
        "coverage_large": 0.0050346751930192115,
        "mpiw_small": 0.18335743058259033,
        "mpiw_medium": 0.3047138493159206,
        "mpiw_large": 0.8828370692236546,
        "overall_coverage": 0.001953125,
        "overall_mpiw": 0.4982724685188146
      },
      "val_metrics": {
        "total_loss": 1.1205736303329468,
        "coverage_loss": 0.41880831122398376,
        "efficiency_loss": 0.005102262496948242,
        "ordering_violation": 0.0,
        "coverage_penalty": 0.7009999752044678,
        "coverage_small": 0.0,
        "coverage_medium": 0.0,
        "coverage_large": 0.0,
        "mpiw_small": 0.1426992756128311,
        "mpiw_medium": 0.23963239312171936,
        "mpiw_large": 0.6906134533882141,
        "overall_coverage": 0.0,
        "overall_mpiw": 0.40556597232818603
      },
      "tau": 0.2853902578353882,
      "is_best": false
    },
    {
      "epoch": 6,
      "train_loss": 1.12036016475398,
      "train_metrics": {
        "total_loss": 1.12036016475398,
        "coverage_loss": 0.41880568278970315,
        "efficiency_loss": 0.0037040534378957914,
        "ordering_violation": 0.0,
        "coverage_penalty": 0.7009988753096935,
        "coverage_small": 0.0,
        "coverage_medium": 0.004854368977248669,
        "coverage_large": 0.005168371833860874,
        "mpiw_small": 0.10243343255761167,
        "mpiw_medium": 0.1702092339895283,
        "mpiw_large": 0.4933404626262872,
        "overall_coverage": 0.001953125,
        "overall_mpiw": 0.27846033270175363
      },
      "val_metrics": {
        "total_loss": 1.1201410007476806,