{
  "attempt_number": 8,
  "config": {
    "hidden_dims": [
      256,
      128,
      64,
      32
    ],
    "dropout": 0.2,
    "activation": "relu",
    "learning_rate": 0.00025,
    "batch_size": 512,
    "lambda_efficiency": 0.15,
    "scheduler": "cosine",
    "epochs": 50,
    "patience": 10,
    "target_coverage": 0.9,
    "min_tau": 1.0,
    "max_tau": 20.0
  },
  "best_coverage": 0.0,
  "best_mpiw": Infinity,
  "best_mpiw_small": 0,
  "best_mpiw_medium": 0,
  "best_mpiw_large": 0,
  "baseline_mpiw": 48.5,
  "mpiw_reduction": 0,
  "total_epochs": 10,
  "total_time": 110.04096674919128,
  "training_history": [
    {
      "epoch": 1,
      "train_loss": 8.714109225575658,
      "train_metrics": {
        "total_loss": 8.714109225575658,
        "coverage_loss": 0.3857035824179289,
        "efficiency_loss": 0.1076042651286028,
        "ordering_violation": 0.0,
        "coverage_penalty": 8.312265003195701,
        "coverage_small": 0.03701073120710612,
        "coverage_medium": 0.032732620505813624,
        "coverage_large": 0.038959392289465065,
        "mpiw_small": 2.925728786657944,
        "mpiw_medium": 4.877346301186841,
        "mpiw_large": 14.691441775088585,
        "overall_coverage": 0.03605932624464759,
        "overall_mpiw": 8.172159208992097
      },
      "val_metrics": {
        "total_loss": 8.81361026763916,
        "coverage_loss": 0.3934418737888336,
        "efficiency_loss": 0.06614944159984588,
        "ordering_violation": 0.0,
        "coverage_penalty": 8.41024600982666,
        "coverage_small": 0.03160071978345513,
        "coverage_medium": 0.021733022624781977,
        "coverage_large": 0.03170585003681481,
        "mpiw_small": 1.8500567865371704,
        "mpiw_medium": 3.1067620086669923,
        "mpiw_large": 8.953568458557129,
        "overall_coverage": 0.02693265374749899,
        "overall_mpiw": 5.258029518127441
      },
      "tau": 0.7399994134902954,
      "is_best": false
    },
    {
      "epoch": 2,
      "train_loss": 8.864606552613825,
      "train_metrics": {
        "total_loss": 8.864606552613825,
        "coverage_loss": 0.39842750442712327,
        "efficiency_loss": 0.05306048628246676,
        "ordering_violation": 0.0,
        "coverage_penalty": 8.458219981265572,
        "coverage_small": 0.0237686383196311,
        "coverage_medium": 0.019127234424300053,
        "coverage_large": 0.02730051954896561,
        "mpiw_small": 1.4670668447846011,
        "mpiw_medium": 2.438859414928269,
        "mpiw_large": 7.0688341045667755,
        "overall_coverage": 0.022626739003754635,
        "overall_mpiw": 3.988841921541266
      },
      "val_metrics": {
        "total_loss": 8.96825424194336,
        "coverage_loss": 0.40637254834175107,
        "efficiency_loss": 0.03799310207366943,
        "ordering_violation": 0.0,
        "coverage_penalty": 8.556182823181153,
        "coverage_small": 0.018043219067511104,
        "coverage_medium": 0.010589118270824352,
        "coverage_large": 0.018402004110005993,
        "mpiw_small": 1.0625792360305786,
        "mpiw_medium": 1.7843825244903564,
        "mpiw_large": 5.142523536682129,
        "overall_coverage": 0.013495153747498989,
        "overall_mpiw": 3.0199714279174805
      },
      "tau": 0.42502209544181824,
      "is_best": false
    },
    {
      "epoch": 3,
      "train_loss": 9.061284186976915,
      "train_metrics": {
        "total_loss": 9.061284186976915,
        "coverage_loss": 0.4139825348317443,
        "efficiency_loss": 0.023811276494229938,
        "ordering_violation": 0.0,
        "coverage_penalty": 8.643729966212616,
        "coverage_small": 0.013027083821546154,
        "coverage_medium": 0.008547536966166105,
        "coverage_large": 0.011498426508097985,
        "mpiw_small": 0.6588321005379686,
        "mpiw_medium": 1.0944681658755617,
        "mpiw_large": 3.172064301830764,
        "overall_coverage": 0.007098180736472946,
        "overall_mpiw": 1.7904031074119118
      },
      "val_metrics": {
        "total_loss": 9.11942367553711,
        "coverage_loss": 0.4187123477458954,
        "efficiency_loss": 0.008896405138075351,
        "ordering_violation": 0.0,
        "coverage_penalty": 8.699376754760742,
        "coverage_small": 0.0,
        "coverage_medium": 0.004999999888241291,
        "coverage_large": 0.004651162773370743,
        "mpiw_small": 0.2488107216358185,
        "mpiw_medium": 0.4178292453289032,
        "mpiw_large": 1.2041683864593506,
        "overall_coverage": 0.001953125,
        "overall_mpiw": 0.7071532154083252
      },
      "tau": 0.09952285885810852,
      "is_best": false
    },
    {
      "epoch": 4,
      "train_loss": 9.119940662672152,
      "train_metrics": {
        "total_loss": 9.119940662672152,
        "coverage_loss": 0.4188036382468445,
        "efficiency_loss": 0.0014229332914216842,
        "ordering_violation": 0.00025632231696363304,
        "coverage_penalty": 8.700923105020898,
        "coverage_small": 0.0,
        "coverage_medium": 0.005290340632200241,
        "coverage_large": 0.005154441576451063,
        "mpiw_small": 0.04008562094929778,
        "mpiw_medium": 0.06665552415995386,
        "mpiw_large": 0.19308634197642405,
        "overall_coverage": 0.001953125,
        "overall_mpiw": 0.10884243987938827
      },
      "val_metrics": {
        "total_loss": 9.1198091506958,
        "coverage_loss": 0.41880831122398376,
        "efficiency_loss": 1.0617288244247903e-05,
        "ordering_violation": 0.0,
        "coverage_penalty": 8.70099925994873,
        "coverage_small": 0.0,
        "coverage_medium": 0.0,
        "coverage_large": 0.0,
        "mpiw_small": 0.00029829898732714355,
        "mpiw_medium": 0.0004980850499123335,
        "mpiw_large": 0.0014334528381004929,
        "overall_coverage": 0.0,
        "overall_mpiw": 0.0008425154373981059
      },
      "tau": 0.00011861881648655981,
      "is_best": false
    },
    {
      "epoch": 5,
      "train_loss": 9.119813924829765,
      "train_metrics": {
        "total_loss": 9.119813924829765,
        "coverage_loss": 0.41880831122398376,
        "efficiency_loss": 3.941399586333194e-05,
        "ordering_violation": 0.00015937945929383405,
        "coverage_penalty": 8.70099925994873,
        "coverage_small": 0.0,
        "coverage_medium": 0.0,
        "coverage_large": 0.0,
        "mpiw_small": 0.0011220241432723294,
        "mpiw_medium": 0.00186460459919738,
        "mpiw_large": 0.0054036121862229055,
        "overall_coverage": 0.0,
        "overall_mpiw": 0.0030494100640160635
      },
      "val_metrics": {
        "total_loss": 9.119813880920411,
        "coverage_loss": 0.41880831122398376,
        "efficiency_loss": 4.001639186753891e-05,
        "ordering_violation": 0.0,
        "coverage_penalty": 8.70099925994873,
        "coverage_small": 0.0,
        "coverage_medium": 0.0,
        "coverage_large": 0.0,
        "mpiw_small": 0.0011200984939932824,
        "mpiw_medium": 0.0018788262689486146,
        "mpiw_large": 0.005414939466863871,
        "overall_coverage": 0.0,
        "overall_mpiw": 0.0031801889464259147
      },
      "tau": 0.0004475100722629577,
      "is_best": false
    },
    {
      "epoch": 6,
      "train_loss": 9.119813259994876,
      "train_metrics": {
        "total_loss": 9.119813259994876,
        "coverage_loss": 0.41880831122398376,
        "efficiency_loss": 3.563915116710253e-05,
        "ordering_violation": 0.0001348052920937854,
        "coverage_penalty": 8.70099925994873,
        "coverage_small": 0.0,
        "coverage_medium": 0.0,
        "coverage_large": 0.0,
        "mpiw_small": 0.0010139129245089332,
        "mpiw_medium": 0.0016851431115984482,
        "mpiw_large": 0.004884028817086505,
        "overall_coverage": 0.0,
        "overall_mpiw": 0.0027558624198014293
      },
      "val_metrics": {
        "total_loss": 9.119812927246095,
        "coverage_loss": 0.41880831122398376,