{
  "attempt_number": 10,
  "config": {
    "hidden_dims": [
      256,
      128,
      64,
      32
    ],
    "dropout": 0.0,
    "activation": "elu",
    "learning_rate": 6.25e-05,
    "batch_size": 512,
    "lambda_efficiency": 0.15,
    "scheduler": "cosine",
    "epochs": 50,
    "patience": 10,
    "target_coverage": 0.9,
    "min_tau": 1.0,
    "max_tau": 20.0
  },
  "best_coverage": 0.0,
  "best_mpiw": Infinity,
  "best_mpiw_small": 0,
  "best_mpiw_medium": 0,
  "best_mpiw_large": 0,
  "baseline_mpiw": 48.5,
  "mpiw_reduction": 0,
  "total_epochs": 10,
  "total_time": 102.55056667327881,
  "training_history": [
    {
      "epoch": 1,
      "train_loss": 8.74254748684402,
      "train_metrics": {
        "total_loss": 8.74254748684402,
        "coverage_loss": 0.38841067839785287,
        "efficiency_loss": 0.10296912495823425,
        "ordering_violation": 0.0,
        "coverage_penalty": 8.338691445635884,
        "coverage_small": 0.0325968164947748,
        "coverage_medium": 0.03168977579628871,
        "coverage_large": 0.036715069507302904,
        "mpiw_small": 2.751580084738775,
        "mpiw_medium": 4.673186057283799,
        "mpiw_large": 14.171762901490549,
        "overall_coverage": 0.03367883881435833,
        "overall_mpiw": 7.861257253816841
      },
      "val_metrics": {
        "total_loss": 8.753303680419922,
        "coverage_loss": 0.38845494747161863,
        "efficiency_loss": 0.08220580637454987,
        "ordering_violation": 0.0,
        "coverage_penalty": 8.352517890930176,
        "coverage_small": 0.03744073153939098,
        "coverage_medium": 0.027982582221738994,
        "coverage_large": 0.03633419726975262,
        "mpiw_small": 2.29935266494751,
        "mpiw_medium": 3.860787134170532,
        "mpiw_large": 11.126109886169434,
        "overall_coverage": 0.03224515374749899,
        "overall_mpiw": 6.5340163612365725
      },
      "tau": 0.9195542931556702,
      "is_best": false
    },
    {
      "epoch": 2,
      "train_loss": 8.762944812140796,
      "train_metrics": {
        "total_loss": 8.762944812140796,
        "coverage_loss": 0.39023537740246406,
        "efficiency_loss": 0.07941576478907168,
        "ordering_violation": 0.0,
        "coverage_penalty": 8.360797081829197,
        "coverage_small": 0.030771898939349417,
        "coverage_medium": 0.029254330191013943,
        "coverage_large": 0.03498417744730274,
        "mpiw_small": 2.196110313932701,
        "mpiw_medium": 3.6498249958288995,
        "mpiw_large": 10.57462585512605,
        "overall_coverage": 0.031632778108164984,
        "overall_mpiw": 5.968575463914439
      },
      "val_metrics": {
        "total_loss": 8.786631813049317,
        "coverage_loss": 0.3912839651107788,
        "efficiency_loss": 0.07482804656028748,
        "ordering_violation": 0.0,
        "coverage_penalty": 8.384123649597168,
        "coverage_small": 0.03381326887756586,
        "coverage_medium": 0.02465535708082219,
        "coverage_large": 0.034044034934292235,
        "mpiw_small": 2.0927840518951415,
        "mpiw_medium": 3.5143625640869143,
        "mpiw_large": 10.128240928649902,
        "overall_coverage": 0.029354528747498988,
        "overall_mpiw": 5.947865676879883
      },
      "tau": 0.8370839953422546,
      "is_best": false
    },
    {
      "epoch": 3,
      "train_loss": 8.789459396345018,
      "train_metrics": {
        "total_loss": 8.789459396345018,
        "coverage_loss": 0.3924049101432285,
        "efficiency_loss": 0.07195877754256085,
        "ordering_violation": 0.0,
        "coverage_penalty": 8.38626066723619,
        "coverage_small": 0.02882507253681945,
        "coverage_medium": 0.026547725217581065,
        "coverage_large": 0.0330211601840953,
        "mpiw_small": 1.9898977371501059,
        "mpiw_medium": 3.306964817003901,
        "mpiw_large": 9.582502648909646,
        "overall_coverage": 0.02928459880102617,
        "overall_mpiw": 5.408477760153595
      },
      "val_metrics": {
        "total_loss": 8.80742301940918,
        "coverage_loss": 0.39296658396720885,
        "efficiency_loss": 0.06746417760849,
        "ordering_violation": 0.0,
        "coverage_penalty": 8.404336853027344,
        "coverage_small": 0.03199012787081301,
        "coverage_medium": 0.022613158371920388,
        "coverage_large": 0.03208904239969949,
        "mpiw_small": 1.8868075466156007,
        "mpiw_medium": 3.168528928756714,
        "mpiw_large": 9.131581916809083,
        "overall_coverage": 0.02747952874749899,
        "overall_mpiw": 5.3625618362426755
      },
      "tau": 0.7547118663787842,
      "is_best": false
    },
    {
      "epoch": 4,
      "train_loss": 8.822863422491759,
      "train_metrics": {
        "total_loss": 8.822863422491759,
        "coverage_loss": 0.3951927160793561,
        "efficiency_loss": 0.06452682634022121,
        "ordering_violation": 0.0,
        "coverage_penalty": 8.417991680681165,
        "coverage_small": 0.026094071039705517,
        "coverage_medium": 0.023477784667337822,
        "coverage_large": 0.030633864477333204,
        "mpiw_small": 1.7843933669101795,
        "mpiw_medium": 2.96531805657188,
        "mpiw_large": 8.592220842658213,
        "overall_coverage": 0.02637026446317168,
        "overall_mpiw": 4.849704260192249
      },
      "val_metrics": {
        "total_loss": 8.845018119812012,
        "coverage_loss": 0.3963387954235077,
        "efficiency_loss": 0.06013521268963814,
        "ordering_violation": 0.0,
        "coverage_penalty": 8.439659080505372,
        "coverage_small": 0.027259650096918147,
        "coverage_medium": 0.019070284635139007,
        "coverage_large": 0.02974279158903907,
        "mpiw_small": 1.6818289852142334,
        "mpiw_medium": 2.8243207550048828,
        "mpiw_large": 8.13959093093872,
        "overall_coverage": 0.02427640374749899,
        "overall_mpiw": 4.78000841140747
      },
      "tau": 0.6727252006530762,
      "is_best": false
    },
    {
      "epoch": 5,
      "train_loss": 8.859733563535523,
      "train_metrics": {
        "total_loss": 8.859733563535523,
        "coverage_loss": 0.39808486125170284,
        "efficiency_loss": 0.05714190801397371,
        "ordering_violation": 0.0,
        "coverage_penalty": 8.4530774092026,
        "coverage_small": 0.0232429928989892,
        "coverage_medium": 0.020171682201813798,
        "coverage_large": 0.027346421487482214,
        "mpiw_small": 1.580056844070959,
        "mpiw_medium": 2.6258713975773835,
        "mpiw_large": 7.607628117155093,
        "overall_coverage": 0.02310880934510076,
        "overall_mpiw": 4.294235836523177
      },
      "val_metrics": {
        "total_loss": 8.877020988464356,
        "coverage_loss": 0.39892906427383423,
        "efficiency_loss": 0.0528575299680233,
        "ordering_violation": 0.0,
        "coverage_penalty": 8.470163307189942,
        "coverage_small": 0.026890335985544054,
        "coverage_medium": 0.015818212930437014,
        "coverage_large": 0.027542822528630495,
        "mpiw_small": 1.478284854888916,
        "mpiw_medium": 2.482519817352295,
        "mpiw_large": 7.154536342620849,
        "overall_coverage": 0.02146390374749899,
        "overall_mpiw": 4.201528701782227
      },
      "tau": 0.5913117527961731,
      "is_best": false
    },
    {
      "epoch": 6,
      "train_loss": 8.903829841095154,
      "train_metrics": {
        "total_loss": 8.903829841095154,
        "coverage_loss": 0.4015900857318924,
        "efficiency_loss": 0.04981063697712209,
        "ordering_violation": 0.0,
        "coverage_penalty": 8.494768153504662,
        "coverage_small": 0.020236695079738156,
        "coverage_medium": 0.01653649732582271,
        "coverage_large": 0.023723722767945616,
        "mpiw_small": 1.3774615775602461,
        "mpiw_medium": 2.2891518617684747,
        "mpiw_large": 6.633039104614373,
        "overall_coverage": 0.01924461118519599,