{
  "attempt_number": 7,
  "config": {
    "hidden_dims": [
      512,
      256,
      128
    ],
    "dropout": 0.2,
    "activation": "relu",
    "learning_rate": 0.0005,
    "batch_size": 512,
    "lambda_efficiency": 0.15,
    "scheduler": "cosine",
    "epochs": 50,
    "patience": 10,
    "target_coverage": 0.9,
    "min_tau": 1.0,
    "max_tau": 20.0
  },
  "best_coverage": 0.0,
  "best_mpiw": Infinity,
  "best_mpiw_small": 0,
  "best_mpiw_medium": 0,
  "best_mpiw_large": 0,
  "baseline_mpiw": 48.5,
  "mpiw_reduction": 0,
  "total_epochs": 10,
  "total_time": 101.18143129348755,
  "training_history": [
    {
      "epoch": 1,
      "train_loss": 8.780502337343384,
      "train_metrics": {
        "total_loss": 8.780502337343384,
        "coverage_loss": 0.39158762185595186,
        "efficiency_loss": 0.06390851867185439,
        "ordering_violation": 0.0,
        "coverage_penalty": 8.379328454369144,
        "coverage_small": 0.03210116656202626,
        "coverage_medium": 0.02565987147289138,
        "coverage_large": 0.034998165560930244,
        "mpiw_small": 1.7575783454039307,
        "mpiw_medium": 2.934894969726257,
        "mpiw_large": 8.54482958972274,
        "overall_coverage": 0.029911273783016556,
        "overall_mpiw": 4.809089820910796
      },
      "val_metrics": {
        "total_loss": 9.010815467834473,
        "coverage_loss": 0.4097290515899658,
        "efficiency_loss": 0.031433795019984244,
        "ordering_violation": 0.0,
        "coverage_penalty": 8.596371307373047,
        "coverage_small": 0.014601258070845353,
        "coverage_medium": 0.007982369649278767,
        "coverage_large": 0.014647884061560035,
        "mpiw_small": 0.8791176915168762,
        "mpiw_medium": 1.4763292360305786,
        "mpiw_large": 4.2547307968139645,
        "overall_coverage": 0.00974515374749899,
        "overall_mpiw": 2.498606014251709
      },
      "tau": 0.35164716839790344,
      "is_best": false
    },
    {
      "epoch": 2,
      "train_loss": 9.104060295485297,
      "train_metrics": {
        "total_loss": 9.104060295485297,
        "coverage_loss": 0.4175012700732381,
        "efficiency_loss": 0.008548376216222158,
        "ordering_violation": 0.0006943450887988814,
        "coverage_penalty": 8.685275877350406,
        "coverage_small": 0.010946134212152923,
        "coverage_medium": 0.00777896292947279,
        "coverage_large": 0.00915729064259957,
        "mpiw_small": 0.23941859632255505,
        "mpiw_medium": 0.3980566506848433,
        "mpiw_large": 1.1538652092863193,
        "overall_coverage": 0.0054808198735955055,
        "overall_mpiw": 0.6507554733298044
      },
      "val_metrics": {
        "total_loss": 9.11982982635498,
        "coverage_loss": 0.41880831122398376,
        "efficiency_loss": 0.0001481214305385947,
        "ordering_violation": 0.0,
        "coverage_penalty": 8.70099925994873,
        "coverage_small": 0.0,
        "coverage_medium": 0.0,
        "coverage_large": 0.0,
        "mpiw_small": 0.004143352564424277,
        "mpiw_medium": 0.00695649428293109,
        "mpiw_large": 0.020046330019831658,
        "overall_coverage": 0.0,
        "overall_mpiw": 0.011772831231355666
      },
      "tau": 0.0016569833969697356,
      "is_best": false
    },
    {
      "epoch": 3,
      "train_loss": 9.119820751092226,
      "train_metrics": {
        "total_loss": 9.119820751092226,
        "coverage_loss": 0.41880831122398376,
        "efficiency_loss": 8.273460250231513e-05,
        "ordering_violation": 0.00029165342161182445,
        "coverage_penalty": 8.70099925994873,
        "coverage_small": 0.0,
        "coverage_medium": 0.0,
        "coverage_large": 0.0,
        "mpiw_small": 0.0023535249442402932,
        "mpiw_medium": 0.003911458047979153,
        "mpiw_large": 0.011338588097421297,
        "overall_coverage": 0.0,
        "overall_mpiw": 0.006397528776635059
      },
      "val_metrics": {
        "total_loss": 9.119855651855469,
        "coverage_loss": 0.41880831122398376,
        "efficiency_loss": -6.183367368066684e-06,
        "ordering_violation": 0.0004896154382731765,
        "coverage_penalty": 8.70099925994873,
        "coverage_small": 0.0,
        "coverage_medium": 0.0,
        "coverage_large": 0.0,
        "mpiw_small": 0.0,
        "mpiw_medium": 0.0,
        "mpiw_large": 0.0,
        "overall_coverage": 0.0,
        "overall_mpiw": 0.0
      },
      "tau": -6.867488264106214e-05,
      "is_best": false
    },
    {
      "epoch": 4,
      "train_loss": 9.119819310496581,
      "train_metrics": {
        "total_loss": 9.119819310496581,
        "coverage_loss": 0.41880831122398376,
        "efficiency_loss": 7.318994030486924e-05,
        "ordering_violation": 0.00027878941439970123,
        "coverage_penalty": 8.70099925994873,
        "coverage_small": 0.0,
        "coverage_medium": 0.0,
        "coverage_large": 0.0,
        "mpiw_small": 0.0020837208325471595,
        "mpiw_medium": 0.0034631251266083094,
        "mpiw_large": 0.010035465565333484,
        "overall_coverage": 0.0,
        "overall_mpiw": 0.005661630422369141
      },
      "val_metrics": {
        "total_loss": 9.119818687438965,
        "coverage_loss": 0.41880831122398376,
        "efficiency_loss": 7.295850344235077e-05,
        "ordering_violation": 0.0,
        "coverage_penalty": 8.70099925994873,
        "coverage_small": 0.0,
        "coverage_medium": 0.0,
        "coverage_large": 0.0,
        "mpiw_small": 0.0020414815004914997,
        "mpiw_medium": 0.003426021495833993,
        "mpiw_large": 0.009873580299317836,
        "overall_coverage": 0.0,
        "overall_mpiw": 0.005798612609505653
      },
      "tau": 0.0008159972494468093,
      "is_best": false
    },
    {
      "epoch": 5,
      "train_loss": 9.1198190065309,
      "train_metrics": {
        "total_loss": 9.1198190065309,
        "coverage_loss": 0.41880831122398376,
        "efficiency_loss": 7.256690856426242e-05,
        "ordering_violation": 0.00020520568680303263,
        "coverage_penalty": 8.70099925994873,
        "coverage_small": 0.0,
        "coverage_medium": 0.0,
        "coverage_large": 0.0,
        "mpiw_small": 0.0020648726902080575,
        "mpiw_medium": 0.003431744265181913,
        "mpiw_large": 0.00994504224877205,
        "overall_coverage": 0.0,
        "overall_mpiw": 0.0056099752477850005
      },
      "val_metrics": {
        "total_loss": 9.119810104370117,
        "coverage_loss": 0.41880831122398376,
        "efficiency_loss": 1.7141135467682035e-05,
        "ordering_violation": 0.0,
        "coverage_penalty": 8.70099925994873,
        "coverage_small": 0.0,
        "coverage_medium": 0.0,
        "coverage_large": 0.0,
        "mpiw_small": 0.0004811529372818768,
        "mpiw_medium": 0.0008041012194007635,
        "mpiw_large": 0.002316186921671033,
        "overall_coverage": 0.0,
        "overall_mpiw": 0.0013609062321484088
      },
      "tau": 0.000191504557733424,
      "is_best": false
    },
    {
      "epoch": 6,
      "train_loss": 9.119818737139514,
      "train_metrics": {
        "total_loss": 9.119818737139514,
        "coverage_loss": 0.41880831122398376,
        "efficiency_loss": 7.006345732901188e-05,
        "ordering_violation": 0.00024663807456211845,
        "coverage_penalty": 8.70099925994873,
        "coverage_small": 0.0,
        "coverage_medium": 0.0,
        "coverage_large": 0.0,
        "mpiw_small": 0.0019943911187064547,
        "mpiw_medium": 0.0033145639728317015,
        "mpiw_large": 0.009603778377368144,
        "overall_coverage": 0.0,
        "overall_mpiw": 0.005422297423137934
      },
      "val_metrics": {
        "total_loss": 9.119812965393066,
        "coverage_loss": 0.41880831122398376,
        "efficiency_loss": 3.5692551318788904e-05,
        "ordering_violation": 0.0,
        "coverage_penalty": 8.70099925994873,
        "coverage_small": 0.0,
        "coverage_medium": 0.0,
        "coverage_large": 0.0,