{
  "metrics_history": {
    "train_total_loss": [
      1.0361941585057899,
      0.9578237329857259,
      0.9151211697844011,
      0.8873917241639728,
      0.8655902366094952,
      0.8381750508199765,
      0.8161898368521582,
      0.807358780993691,
      0.7870824834968471,
      0.7813446212418472,
      0.7669356608692603,
      0.7594439764566059,
      0.7532277635381192,
      0.7446725685385209,
      0.7286583464356917,
      0.7227126782453512,
      0.7121920706350592,
      0.7063307415080976,
      0.7011439158946653,
      0.7042744665206233,
      0.7630594576461406,
      0.7722729867017721,
      0.7849006501934196,
      0.7846838733817958,
      0.7819785573814488,
      0.8076413349260257,
      0.7842907784860346,
      0.7785512963427773,
      0.7519336169279074,
      0.7440259607532357,
      0.7237534862530383,
      0.7337826965730402,
      0.7366807951202875,
      0.7318027068542529
    ],
    "train_coverage_loss": [
      0.47879905451702165,
      0.4362831968295423,
      0.42409162921241567,
      0.42131423761573017,
      0.42190603025351897,
      0.4123721975314466,
      0.4085948010788688,
      0.4126824291446541,
      0.4112128336218339,
      0.4155839217614524,
      0.41220235975482794,
      0.41793394843234294,
      0.4213575354859799,
      0.42332519270196745,
      0.41811548380912106,
      0.4218964655942555,
      0.4153319404849523,
      0.4156753745260118,
      0.4157733890829207,
      0.4225275101540964,
      0.46727849712854697,
      0.4859311935267871,
      0.5011565523057044,
      0.5097469464887546,
      0.5159887758236897,
      0.5474185151389882,
      0.5304924585396731,
      0.5261449855339678,
      0.5054605320284639,
      0.5028653948367396,
      0.489206045488768,
      0.5043187944949428,
      0.5105554227587543,
      0.5115468117255199
    ],
    "train_separation_loss": [
      0.27470290660858154,
      0.244035141754754,
      0.2184167915507208,
      0.19811756305302244,
      0.18016992679125146,
      0.1665512255475491,
      0.15249693789814092,
      0.14364137283608883,
      0.12878760242763954,
      0.12248912359340282,
      0.11519074506020244,
      0.10557568139290507,
      0.0995056711231606,
      0.09252501835551442,
      0.085167484475842,
      0.07871902389805528,
      0.07793983246518087,
      0.07462687908282763,
      0.0723253473450866,
      0.07150091353473784,
      0.08765105667370784,
      0.08131073071043703,
      0.0808721822273882,
      0.07494130985269064,
      0.06928998656287978,
      0.06690068363766127,
      0.06332716039275821,
      0.06436845202800594,
      0.061684665847805485,
      0.058769237815956527,
      0.054824544281899174,
      0.05197380589250522,
      0.05065287593044812,
      0.04823401490155654
    ],
    "train_stability_loss": [
      1.0001828718198834e-05,
      9.789680882045392e-06,
      9.867159682287337e-06,
      1.0175112763561951e-05,
      1.0086258262623531e-05,
      1.0197576557402499e-05,
      1.0154832781626272e-05,
      1.0085258045825257e-05,
      1.0130699564210254e-05,
      1.0196437265624844e-05,
      1.0100592848912243e-05,
      9.971694286337602e-06,
      9.917707665166905e-06,
      1.0247327874729976e-05,
      1.0704574361636932e-05,
      4.1365417139706e-05,
      9.939403845479158e-06,
      8.279844834322819e-05,
      0.0001488206035222142,
      0.00020744015847424323,
      0.0008472344227558569,
      0.000464734154447106,
      0.0010818642012503615,
      0.000797560790344298,
      0.0005126803584856514,
      0.00012295550613077778,
      0.00025547294811801717,
      0.0006259383407890295,
      0.00014377349007305913,
      0.0005188142118422086,
      0.0005572162939746635,
      0.0010136280016128313,
      0.0016892370597274807,
      0.0010012231027297885
    ],
    "train_l2_loss": [
      0.2826821902130224,
      0.27749561244928383,
      0.2726028825663313,
      0.26794974336141275,
      0.26350419543966463,
      0.259241432706012,
      0.2550879369808149,
      0.25102489507651027,
      0.2470719140918949,
      0.24326138122926785,
      0.23953245033191728,
      0.23592437313327305,
      0.2323546311523341,
      0.22881210114382491,
      0.22536466751672043,
      0.22205582034738758,
      0.21891035648840892,
      0.21594569256788568,
      0.2128963593063475,
      0.2100386010317863,
      0.20728266125992884,
      0.2045663306607476,
      0.20179005042661594,
      0.1991980534188355,
      0.1961871174317372,
      0.19319918600818778,
      0.19021568513369258,
      0.18741191659547105,
      0.1846446428872362,
      0.18187251083458525,
      0.1791656805744654,
      0.17647646933416777,
      0.17378326307369185,
      0.17102065946482406
    ],
    "val_coverage": [
      0.8275862336158752,
      0.8640679717063904,
      0.8590704798698425,
      0.8590704798698425,
      0.8975512385368347,
      0.9115442633628845,
      0.8615692257881165,
      0.8790605068206787,
      0.8840579986572266,
      0.8770614862442017,
      0.8940529823303223,
      0.887556254863739,
      0.938031017780304,
      0.901549220085144,
      0.9110444784164429,
      0.89205402135849,
      0.8910545110702515,
      0.8795602321624756,
      0.8945527672767639,
      0.8520739674568176,
      0.9460270404815674,
      0.9485257863998413,
      0.9705147743225098,
      0.9720140099525452,
      0.963018536567688,
      0.8785607218742371,
      0.835082471370697,
      0.8465767502784729,
      0.8460769653320312,
      0.8425787091255188,
      0.9340330362319946,
      0.9220390319824219,
      0.9145427346229553,
      0.9210395216941833
    ],
    "val_avg_score": [
      0.9552666544914246,
      0.9369179606437683,
      0.950829029083252,
      0.9377248883247375,
      0.8690839409828186,
      0.8464299440383911,
      0.9846452474594116,
      0.9615221619606018,
      0.8944024443626404,
      0.8845813870429993,
      0.9468017816543579,
      0.9857587218284607,
      0.7591375708580017,
      0.9172204732894897,
      0.8542025685310364,
      0.7967449426651001,
      0.854881763458252,
      0.9195031523704529,
      0.841968297958374,
      1.0920851230621338,
      0.8289037942886353,
      0.8013952374458313,
      0.6598682999610901,
      0.6314948201179504,
      0.65594083070755,
      0.6469612717628479,
      0.8417940735816956,
      0.813620924949646,
      0.7728339433670044,
      0.8584330677986145,
      0.7478868365287781,
      0.8326883316040039,
      0.8489007353782654,
      0.8130030035972595
    ],
    "val_coverage_efficiency": [
      0.9275862336158752,
      0.9640679717063904,
      0.9590704798698425,
      0.9590704798698425,
      0.9975512385368347,
      0.9884557366371155,
      0.9615692257881164,
      0.9790605068206787,
      0.9840579986572265,
      0.9770614862442016,
      0.9940529823303222,
      0.987556254863739,
      0.9619689822196961,
      0.998450779914856,
      0.9889555215835572,
      0.99205402135849,
      0.9910545110702514,
      0.9795602321624756,
      0.9945527672767639,
      0.9520739674568176,
      0.9539729595184326,
      0.9514742136001587,
      0.9294852256774903,
      0.9279859900474549,
      0.936981463432312,
      0.978560721874237,
      0.935082471370697,
      0.9465767502784729,
      0.9460769653320312,
      0.9425787091255188,
      0.9659669637680054,
      0.9779609680175781,
      0.9854572653770447,
      0.9789604783058167
    ],