{
  "attempt_number": 4,
  "config": {
    "hidden_dims": [
      512,
      256,
      128
    ],
    "dropout": 0.2,
    "activation": "relu",
    "learning_rate": 6.25e-05,
    "batch_size": 512,
    "lambda_efficiency": 0.15,
    "scheduler": "cosine",
    "epochs": 50,
    "patience": 10,
    "target_coverage": 0.9
  },
  "best_coverage": 0.0,
  "best_mpiw": Infinity,
  "best_mpiw_small": 0,
  "best_mpiw_medium": 0,
  "best_mpiw_large": 0,
  "baseline_mpiw": 48.5,
  "mpiw_reduction": 0,
  "total_epochs": 10,
  "total_time": 99.38195776939392,
  "training_history": [
    {
      "epoch": 1,
      "train_loss": 1.1196519433551684,
      "train_metrics": {
        "total_loss": 1.1196519433551684,
        "coverage_loss": 0.4170676958705003,
        "efficiency_loss": 0.019012851916321096,
        "ordering_violation": 0.0,
        "coverage_penalty": 0.6997323196009927,
        "coverage_small": 0.009402561380711355,
        "coverage_medium": 0.005760872843325609,
        "coverage_large": 0.006773582023557034,
        "mpiw_small": 0.5205561549281786,
        "mpiw_medium": 0.8712027182751912,
        "mpiw_large": 2.5578281521076884,
        "overall_coverage": 0.0031222005011746936,
        "overall_mpiw": 1.4358581168593958
      },
      "val_metrics": {
        "total_loss": 1.1187071228027343,
        "coverage_loss": 0.41688640832901,
        "efficiency_loss": 0.016880729123950004,
        "ordering_violation": 0.0,
        "coverage_penalty": 0.6992886185646057,
        "coverage_small": 0.011997947469353676,
        "coverage_medium": 0.0056585544953122735,
        "coverage_large": 0.005824160296469927,
        "mpiw_small": 0.4721080768108368,
        "mpiw_medium": 0.7928254747390747,
        "mpiw_large": 2.284894733428955,
        "overall_coverage": 0.002685546875,
        "overall_mpiw": 1.341812915802002
      },
      "tau": 0.9442164897918701,
      "is_best": false
    },
    {
      "epoch": 2,
      "train_loss": 1.1198106503558662,
      "train_metrics": {
        "total_loss": 1.1198106503558662,
        "coverage_loss": 0.4173793858451786,
        "efficiency_loss": 0.016392485117624173,
        "ordering_violation": 0.0,
        "coverage_penalty": 0.6999723906333353,
        "coverage_small": 0.009036337426680672,
        "coverage_medium": 0.0054532608012953,
        "coverage_large": 0.006393334017755475,
        "mpiw_small": 0.45331328942966603,
        "mpiw_medium": 0.753359036908409,
        "mpiw_large": 2.182717452416607,
        "overall_coverage": 0.00291007781124498,
        "overall_mpiw": 1.2319814946356136
      },
      "val_metrics": {
        "total_loss": 1.1192009115219117,
        "coverage_loss": 0.41726221323013307,
        "efficiency_loss": 0.015506663620471954,
        "ordering_violation": 0.0,
        "coverage_penalty": 0.6996126794815063,
        "coverage_small": 0.012528378143906593,
        "coverage_medium": 0.00560263660736382,
        "coverage_large": 0.005329784471541643,
        "mpiw_small": 0.4336813497543335,
        "mpiw_medium": 0.7282893657684326,
        "mpiw_large": 2.098904609680176,
        "overall_coverage": 0.0025540865384615385,
        "overall_mpiw": 1.2325900602340698
      },
      "tau": 0.8673569560050964,
      "is_best": false
    },
    {
      "epoch": 3,
      "train_loss": 1.120287379829545,
      "train_metrics": {
        "total_loss": 1.120287379829545,
        "coverage_loss": 0.4177917401190971,
        "efficiency_loss": 0.014955232400317701,
        "ordering_violation": 0.0,
        "coverage_penalty": 0.7002523552705154,
        "coverage_small": 0.008728089219178347,
        "coverage_medium": 0.005332651256673759,
        "coverage_large": 0.005917222825511493,
        "mpiw_small": 0.4135506313598048,
        "mpiw_medium": 0.687278257846112,
        "mpiw_large": 1.9915736965902622,
        "overall_coverage": 0.0025208938953488374,
        "overall_mpiw": 1.1240533381430404
      },
      "val_metrics": {
        "total_loss": 1.1190202856063842,
        "coverage_loss": 0.41729867219924927,
        "efficiency_loss": 0.01405957318842411,
        "ordering_violation": 0.0,
        "coverage_penalty": 0.6996126794815063,
        "coverage_small": 0.012528378143906593,
        "coverage_medium": 0.00560263660736382,
        "coverage_large": 0.005450032729034622,
        "mpiw_small": 0.3932094955444336,
        "mpiw_medium": 0.6603252720832825,
        "mpiw_large": 1.9030351543426514,
        "overall_coverage": 0.0026041666666666665,
        "overall_mpiw": 1.1175646781921387
      },
      "tau": 0.7864150404930115,
      "is_best": false
    },
    {
      "epoch": 4,
      "train_loss": 1.1205048123515264,
      "train_metrics": {
        "total_loss": 1.1205048123515264,
        "coverage_loss": 0.4180364629923397,
        "efficiency_loss": 0.01348282460311816,
        "ordering_violation": 0.0,
        "coverage_penalty": 0.700445927702048,
        "coverage_small": 0.00848132036626339,
        "coverage_medium": 0.005283470403241074,
        "coverage_large": 0.005899566910961599,
        "mpiw_small": 0.372847863892234,
        "mpiw_medium": 0.6196031892317659,
        "mpiw_large": 1.795332371828419,
        "overall_coverage": 0.0024671052631578946,
        "overall_mpiw": 1.0133419912027088
      },
      "val_metrics": {
        "total_loss": 1.1199809789657593,
        "coverage_loss": 0.4178764319419861,
        "efficiency_loss": 0.012600561715662479,
        "ordering_violation": 0.0,
        "coverage_penalty": 0.7002144742012024,
        "coverage_small": 0.011961784524222216,
        "coverage_medium": 0.005649717524647713,
        "coverage_large": 0.005674238409847021,
        "mpiw_small": 0.35240687370300294,
        "mpiw_medium": 0.5917999148368835,
        "mpiw_large": 1.7055460834503173,
        "overall_coverage": 0.002387152777777778,
        "overall_mpiw": 1.0015893149375916
      },
      "tau": 0.7048043012619019,
      "is_best": false
    },
    {
      "epoch": 5,
      "train_loss": 1.1208302666773609,
      "train_metrics": {
        "total_loss": 1.1208302666773609,
        "coverage_loss": 0.41834350745123317,
        "efficiency_loss": 0.012009610844708507,
        "ordering_violation": 0.0,
        "coverage_penalty": 0.7006853158470367,
        "coverage_small": 0.008347696802382799,
        "coverage_medium": 0.005177078492124565,
        "coverage_large": 0.005541180791726834,
        "mpiw_small": 0.3320827449916713,
        "mpiw_medium": 0.5518887920186959,
        "mpiw_large": 1.5989108585338938,
        "overall_coverage": 0.0023228016561514194,
        "overall_mpiw": 0.9025315729692983
      },
      "val_metrics": {
        "total_loss": 1.1201912307739257,
        "coverage_loss": 0.41813667058944703,
        "efficiency_loss": 0.011146781779825688,
        "ordering_violation": 0.0,
        "coverage_penalty": 0.7003825402259827,
        "coverage_small": 0.013740995898842812,
        "coverage_medium": 0.005649717524647713,
        "coverage_large": 0.004827169856677453,
        "mpiw_small": 0.3117447364330292,
        "mpiw_medium": 0.5235231423377991,
        "mpiw_large": 1.5087776708602905,
        "overall_coverage": 0.0022786458333333335,
        "overall_mpiw": 0.8860347414016724
      },
      "tau": 0.6234907507896423,
      "is_best": false
    },
    {
      "epoch": 6,
      "train_loss": 1.120822412099723,
      "train_metrics": {
        "total_loss": 1.120822412099723,
        "coverage_loss": 0.418478861451149,
        "efficiency_loss": 0.010544301391919664,
        "ordering_violation": 0.0,
        "coverage_penalty": 0.700761906419996,
        "coverage_small": 0.008623261678232146,
        "coverage_medium": 0.005230798395945036,
        "coverage_large": 0.0054386662502847885,
        "mpiw_small": 0.29158950403467765,
        "mpiw_medium": 0.4845877368329515,
        "mpiw_large": 1.4041346761755353,
        "overall_coverage": 0.0022346565315315317,