{
  "attempt_number": 9,
  "config": {
    "hidden_dims": [
      512,
      256,
      128
    ],
    "dropout": 0.2,
    "activation": "relu",
    "learning_rate": 0.000125,
    "batch_size": 512,
    "lambda_efficiency": 0.15,
    "scheduler": "cosine",
    "epochs": 50,
    "patience": 10,
    "target_coverage": 0.9,
    "min_tau": 1.0,
    "max_tau": 20.0
  },
  "best_coverage": 0.0,
  "best_mpiw": Infinity,
  "best_mpiw_small": 0,
  "best_mpiw_medium": 0,
  "best_mpiw_large": 0,
  "baseline_mpiw": 48.5,
  "mpiw_reduction": 0,
  "total_epochs": 10,
  "total_time": 101.61980366706848,
  "training_history": [
    {
      "epoch": 1,
      "train_loss": 8.63172298831882,
      "train_metrics": {
        "total_loss": 8.63172298831882,
        "coverage_loss": 0.3795872092292028,
        "efficiency_loss": 0.08999722809432316,
        "ordering_violation": 0.0,
        "coverage_penalty": 8.23863618683599,
        "coverage_small": 0.04411495339810441,
        "coverage_medium": 0.03791178348319453,
        "coverage_large": 0.04723404956632646,
        "mpiw_small": 2.4620432808680115,
        "mpiw_medium": 4.131405442863072,
        "mpiw_large": 12.09553068858259,
        "overall_coverage": 0.04290660925693472,
        "overall_mpiw": 6.7891705068576735
      },
      "val_metrics": {
        "total_loss": 8.741425285339355,
        "coverage_loss": 0.38823348641395566,
        "efficiency_loss": 0.0752782616019249,
        "ordering_violation": 0.0,
        "coverage_penalty": 8.341900100708008,
        "coverage_small": 0.035041269809007645,
        "coverage_medium": 0.026061216033995152,
        "coverage_large": 0.03910036664456129,
        "mpiw_small": 2.105328321456909,
        "mpiw_medium": 3.535541925430298,
        "mpiw_large": 10.189306907653808,
        "overall_coverage": 0.033376086205244064,
        "overall_mpiw": 5.983708038330078
      },
      "tau": 0.8421314358711243,
      "is_best": false
    },
    {
      "epoch": 2,
      "train_loss": 8.721904044425019,
      "train_metrics": {
        "total_loss": 8.721904044425019,
        "coverage_loss": 0.3869092348524091,
        "efficiency_loss": 0.06870920012150736,
        "ordering_violation": 0.0,
        "coverage_penalty": 8.324688431719638,
        "coverage_small": 0.03591463248178386,
        "coverage_medium": 0.029938648148164163,
        "coverage_large": 0.03966297266810558,
        "mpiw_small": 1.900030433591399,
        "mpiw_medium": 3.1577666117345458,
        "mpiw_large": 9.149386732960036,
        "overall_coverage": 0.034963711831729936,
        "overall_mpiw": 5.163918127106036
      },
      "val_metrics": {
        "total_loss": 8.817560501098633,
        "coverage_loss": 0.3942554581165314,
        "efficiency_loss": 0.06055850893259049,
        "ordering_violation": 0.0,
        "coverage_penalty": 8.414221343994141,
        "coverage_small": 0.029024376533925533,
        "coverage_medium": 0.019057032264148194,
        "coverage_large": 0.032867611907422545,
        "mpiw_small": 1.6936587810516357,
        "mpiw_medium": 2.844208936691284,
        "mpiw_large": 8.196908531188965,
        "overall_coverage": 0.026677807494997978,
        "overall_mpiw": 4.813665561676025
      },
      "tau": 0.677462637424469,
      "is_best": false
    },
    {
      "epoch": 3,
      "train_loss": 8.82228951295697,
      "train_metrics": {
        "total_loss": 8.82228951295697,
        "coverage_loss": 0.3949592681179594,
        "efficiency_loss": 0.053811069659528594,
        "ordering_violation": 0.0,
        "coverage_penalty": 8.419258586589663,
        "coverage_small": 0.027605164018430422,
        "coverage_medium": 0.020962172713762654,
        "coverage_large": 0.031684746990793926,
        "mpiw_small": 1.488073130568709,
        "mpiw_medium": 2.4730260521623664,
        "mpiw_large": 7.166286225765493,
        "overall_coverage": 0.026230724783771843,
        "overall_mpiw": 4.044708884554687
      },
      "val_metrics": {
        "total_loss": 8.920471534729003,
        "coverage_loss": 0.402599104642868,
        "efficiency_loss": 0.04583770915865898,
        "ordering_violation": 0.0,
        "coverage_penalty": 8.510996856689452,
        "coverage_small": 0.01984081995518257,
        "coverage_medium": 0.013255334991429533,
        "coverage_large": 0.023892559615584712,
        "mpiw_small": 1.2819556427001952,
        "mpiw_medium": 2.1528282833099364,
        "mpiw_large": 6.204375724792481,
        "overall_coverage": 0.01771390374749899,
        "overall_mpiw": 3.643542308807373
      },
      "tau": 0.512782633304596,
      "is_best": false
    },
    {
      "epoch": 4,
      "train_loss": 8.948832266280299,
      "train_metrics": {
        "total_loss": 8.948832266280299,
        "coverage_loss": 0.40508893186232114,
        "efficiency_loss": 0.03895338954477152,
        "ordering_violation": 0.0,
        "coverage_penalty": 8.537900323233936,
        "coverage_small": 0.018096753083129077,
        "coverage_medium": 0.012312229246057824,
        "coverage_large": 0.02044959657052083,
        "mpiw_small": 1.0772047915307417,
        "mpiw_medium": 1.790005605296426,
        "mpiw_large": 5.186755289123858,
        "overall_coverage": 0.015269698303708924,
        "overall_mpiw": 2.927375036604095
      },
      "val_metrics": {
        "total_loss": 9.010777626037598,
        "coverage_loss": 0.4097290515899658,
        "efficiency_loss": 0.031181517615914346,
        "ordering_violation": 0.0,
        "coverage_penalty": 8.596371307373047,
        "coverage_small": 0.014601258070845353,
        "coverage_medium": 0.007982369649278767,
        "coverage_large": 0.014647884061560035,
        "mpiw_small": 0.8720636224746704,
        "mpiw_medium": 1.464480357170105,
        "mpiw_large": 4.220579128265381,
        "overall_coverage": 0.00974515374749899,
        "overall_mpiw": 2.478551273345947
      },
      "tau": 0.3488248288631439,
      "is_best": false
    },
    {
      "epoch": 5,
      "train_loss": 9.064060788140196,
      "train_metrics": {
        "total_loss": 9.064060788140196,
        "coverage_loss": 0.41426777637076884,
        "efficiency_loss": 0.02418227358425762,
        "ordering_violation": 0.0,
        "coverage_penalty": 8.646165660500886,
        "coverage_small": 0.011379578446245937,
        "coverage_medium": 0.007288090855132399,
        "coverage_large": 0.009934878154750425,
        "mpiw_small": 0.6685468826634287,
        "mpiw_medium": 1.1110004460343421,
        "mpiw_large": 3.218546958128131,
        "overall_coverage": 0.00597261977872174,
        "overall_mpiw": 1.8165057039512968
      },
      "val_metrics": {
        "total_loss": 9.102297973632812,
        "coverage_loss": 0.41692218065261843,
        "efficiency_loss": 0.016626916527748108,
        "ordering_violation": 0.0,
        "coverage_penalty": 8.682881774902343,
        "coverage_small": 0.011997947469353676,
        "coverage_medium": 0.0056585544953122735,
        "coverage_large": 0.0052559784962795675,
        "mpiw_small": 0.46500675439834593,
        "mpiw_medium": 0.7809065341949463,
        "mpiw_large": 2.2505462646484373,
        "overall_coverage": 0.0025634765625,
        "overall_mpiw": 1.321640543937683
      },
      "tau": 0.1860044002532959,
      "is_best": false
    },
    {
      "epoch": 6,
      "train_loss": 9.116319500787741,
      "train_metrics": {
        "total_loss": 9.116319500787741,
        "coverage_loss": 0.41843614117256467,
        "efficiency_loss": 0.009522783602524572,
        "ordering_violation": 0.0,
        "coverage_penalty": 8.696454929801272,
        "coverage_small": 0.008631853463097673,
        "coverage_medium": 0.005417813894084909,
        "coverage_large": 0.006021453789107396,
        "mpiw_small": 0.2633722232136977,
        "mpiw_medium": 0.4375588525075387,
        "mpiw_large": 1.2684466665515006,
        "overall_coverage": 0.0024733897379912665,