{
  "attempt_number": 6,
  "config": {
    "hidden_dims": [
      256,
      128,
      64
    ],
    "dropout": 0.1,
    "activation": "elu",
    "learning_rate": 0.001,
    "batch_size": 512,
    "lambda_efficiency": 0.01,
    "scheduler": "cosine",
    "epochs": 50,
    "patience": 10,
    "target_coverage": 0.9,
    "min_tau": 1.0,
    "max_tau": 20.0
  },
  "best_coverage": 0.0,
  "best_mpiw": Infinity,
  "best_mpiw_small": 0,
  "best_mpiw_medium": 0,
  "best_mpiw_large": 0,
  "baseline_mpiw": 48.5,
  "mpiw_reduction": 0,
  "total_epochs": 10,
  "total_time": 99.95306825637817,
  "training_history": [
    {
      "epoch": 1,
      "train_loss": 8.826225017132716,
      "train_metrics": {
        "total_loss": 8.826225017132716,
        "coverage_loss": 0.395790922452676,
        "efficiency_loss": 0.0567330824548176,
        "ordering_violation": 0.0,
        "coverage_penalty": 8.429866774564783,
        "coverage_small": 0.03170104731272197,
        "coverage_medium": 0.026408172814365766,
        "coverage_large": 0.03269656619282689,
        "mpiw_small": 1.5682935269487588,
        "mpiw_medium": 2.611375440238466,
        "mpiw_large": 7.554092145983546,
        "overall_coverage": 0.027428877981085526,
        "overall_mpiw": 4.262244314045344
      },
      "val_metrics": {
        "total_loss": 9.118778686523438,
        "coverage_loss": 0.4186577582359314,
        "efficiency_loss": 0.007097393479198217,
        "ordering_violation": 0.0,
        "coverage_penalty": 8.70004997253418,
        "coverage_small": 0.008403361774981022,
        "coverage_medium": 0.0,
        "coverage_large": 0.0,
        "mpiw_small": 0.1984926801919937,
        "mpiw_medium": 0.33333949208259583,
        "mpiw_large": 0.9606744527816773,
        "overall_coverage": 0.001953125,
        "overall_mpiw": 0.5641586995124817
      },
      "tau": 0.0793982669711113,
      "is_best": false
    },
    {
      "epoch": 2,
      "train_loss": 9.119769820273824,
      "train_metrics": {
        "total_loss": 9.119769820273824,
        "coverage_loss": 0.4188047218448806,
        "efficiency_loss": 0.0013524522189151931,
        "ordering_violation": 0.0009251886804122478,
        "coverage_penalty": 8.70095136446535,
        "coverage_small": 0.0,
        "coverage_medium": 0.005355870661636193,
        "coverage_large": 0.0,
        "mpiw_small": 0.03746901492803429,
        "mpiw_medium": 0.062299681461284805,
        "mpiw_large": 0.18048075780125675,
        "overall_coverage": 0.001953125,
        "overall_mpiw": 0.10183238305454337
      },
      "val_metrics": {
        "total_loss": 9.11981632232666,
        "coverage_loss": 0.41880831122398376,
        "efficiency_loss": 0.0008774626860395074,
        "ordering_violation": 0.0,
        "coverage_penalty": 8.70099925994873,
        "coverage_small": 0.0,
        "coverage_medium": 0.0,
        "coverage_large": 0.0,
        "mpiw_small": 0.02453760750591755,
        "mpiw_medium": 0.04121257498860359,
        "mpiw_large": 0.11877541154623032,
        "overall_coverage": 0.0,
        "overall_mpiw": 0.06975014746189118
      },
      "tau": 0.009816530160605907,
      "is_best": false
    },
    {
      "epoch": 3,
      "train_loss": 9.119800167141364,
      "train_metrics": {
        "total_loss": 9.119800167141364,
        "coverage_loss": 0.4188075569145989,
        "efficiency_loss": 0.0008084617637549897,
        "ordering_violation": 8.46439361339435e-05,
        "coverage_penalty": 8.700984508249334,
        "coverage_small": 0.0,
        "coverage_medium": 0.0,
        "coverage_large": 0.005050505045801401,
        "mpiw_small": 0.02239691501489413,
        "mpiw_medium": 0.037226883998863945,
        "mpiw_large": 0.1079372688654131,
        "overall_coverage": 0.001953125,
        "overall_mpiw": 0.06094262435104586
      },
      "val_metrics": {
        "total_loss": 9.1198091506958,
        "coverage_loss": 0.41880831122398376,
        "efficiency_loss": 0.00016276982438284904,
        "ordering_violation": 0.0,
        "coverage_penalty": 8.70099925994873,
        "coverage_small": 0.0,
        "coverage_medium": 0.0,
        "coverage_large": 0.0,
        "mpiw_small": 0.0045507500506937505,
        "mpiw_medium": 0.007645273692905903,
        "mpiw_large": 0.022035437002778054,
        "overall_coverage": 0.0,
        "overall_mpiw": 0.012939633876085281
      },
      "tau": 0.0018211385468021035,
      "is_best": false
    },
    {
      "epoch": 4,
      "train_loss": 9.119817180575922,
      "train_metrics": {
        "total_loss": 9.119817180575922,
        "coverage_loss": 0.41880831122398376,
        "efficiency_loss": 0.0009579983132912042,
        "ordering_violation": 0.00013157753467870256,
        "coverage_penalty": 8.70099925994873,
        "coverage_small": 0.0,
        "coverage_medium": 0.0,
        "coverage_large": 0.0,
        "mpiw_small": 0.026546919118644246,
        "mpiw_medium": 0.04413423805792943,
        "mpiw_large": 0.12785699471087003,
        "overall_coverage": 0.0,
        "overall_mpiw": 0.07217180874215595
      },
      "val_metrics": {
        "total_loss": 9.1198148727417,
        "coverage_loss": 0.41880831122398376,
        "efficiency_loss": 0.0007259968807920813,
        "ordering_violation": 0.0,
        "coverage_penalty": 8.70099925994873,
        "coverage_small": 0.0,
        "coverage_medium": 0.0,
        "coverage_large": 0.0,
        "mpiw_small": 0.020302980318665505,
        "mpiw_medium": 0.03409797370433807,
        "mpiw_large": 0.09826971083879471,
        "overall_coverage": 0.0,
        "overall_mpiw": 0.05770882397890091
      },
      "tau": 0.008121904917061329,
      "is_best": false
    },
    {
      "epoch": 5,
      "train_loss": 9.119816334946279,
      "train_metrics": {
        "total_loss": 9.119816334946279,
        "coverage_loss": 0.41880831122398376,
        "efficiency_loss": 0.0008732532801200752,
        "ordering_violation": 0.0001752448636883249,
        "coverage_penalty": 8.70099925994873,
        "coverage_small": 0.0,
        "coverage_medium": 0.0,
        "coverage_large": 0.0,
        "mpiw_small": 0.02420601866380723,
        "mpiw_medium": 0.04022758000182511,
        "mpiw_large": 0.11655320679631398,
        "overall_coverage": 0.0,
        "overall_mpiw": 0.0657763865735304
      },
      "val_metrics": {
        "total_loss": 9.11981990814209,
        "coverage_loss": 0.41880831122398376,
        "efficiency_loss": 0.0012436523009091616,
        "ordering_violation": 0.0,
        "coverage_penalty": 8.70099925994873,
        "coverage_small": 0.0,
        "coverage_medium": 0.0,
        "coverage_large": 0.0,
        "mpiw_small": 0.034783431142568585,
        "mpiw_medium": 0.05840878129005432,
        "mpiw_large": 0.16833070337772368,
        "overall_coverage": 0.0,
        "overall_mpiw": 0.09885359287261963
      },
      "tau": 0.01391239371150732,
      "is_best": false
    },
    {
      "epoch": 6,
      "train_loss": 9.119815764470403,
      "train_metrics": {
        "total_loss": 9.119815764470403,
        "coverage_loss": 0.41880831122398376,
        "efficiency_loss": 0.0008162281067736246,
        "ordering_violation": 9.42812754753201e-05,
        "coverage_penalty": 8.70099925994873,
        "coverage_small": 0.0,
        "coverage_medium": 0.0,
        "coverage_large": 0.0,
        "mpiw_small": 0.02262620324279887,
        "mpiw_medium": 0.03760920057361542,
        "mpiw_large": 0.10898110808003428,
        "overall_coverage": 0.0,
        "overall_mpiw": 0.06150266233244544
      },
      "val_metrics": {
        "total_loss": 9.119811058044434,
        "coverage_loss": 0.41880831122398376,
        "efficiency_loss": 0.0003202066663652658,
        "ordering_violation": 0.0,
        "coverage_penalty": 8.70099925994873,
        "coverage_small": 0.0,
        "coverage_medium": 0.0,
        "coverage_large": 0.0,
        "mpiw_small": 0.008951938226819039,