{
  "attempt_number": 5,
  "config": {
    "hidden_dims": [
      256,
      128,
      64,
      32
    ],
    "dropout": 0.2,
    "activation": "relu",
    "learning_rate": 3.125e-05,
    "batch_size": 512,
    "lambda_efficiency": 0.15,
    "scheduler": "cosine",
    "epochs": 50,
    "patience": 10,
    "target_coverage": 0.9
  },
  "best_coverage": 0.0,
  "best_mpiw": Infinity,
  "best_mpiw_small": 0,
  "best_mpiw_medium": 0,
  "best_mpiw_large": 0,
  "baseline_mpiw": 48.5,
  "mpiw_reduction": 0,
  "total_epochs": 10,
  "total_time": 102.30755662918091,
  "training_history": [
    {
      "epoch": 1,
      "train_loss": 1.120894255324793,
      "train_metrics": {
        "total_loss": 1.120894255324793,
        "coverage_loss": 0.41577785065977235,
        "efficiency_loss": 0.04300175781088833,
        "ordering_violation": 0.0,
        "coverage_penalty": 0.6986661396267911,
        "coverage_small": 0.011272190360782239,
        "coverage_medium": 0.007251536609922967,
        "coverage_large": 0.008604437199489766,
        "mpiw_small": 1.1305528234274005,
        "mpiw_medium": 1.9112282737954505,
        "mpiw_large": 6.155372545618305,
        "overall_coverage": 0.004558152727288555,
        "overall_mpiw": 3.359117298327904
      },
      "val_metrics": {
        "total_loss": 1.1186435174942018,
        "coverage_loss": 0.41677327394485475,
        "efficiency_loss": 0.01763994447886944,
        "ordering_violation": 0.0,
        "coverage_penalty": 0.6992242550849914,
        "coverage_small": 0.015153349749743939,
        "coverage_medium": 0.007233147198955218,
        "coverage_large": 0.005495836678892374,
        "mpiw_small": 0.49335665225982667,
        "mpiw_medium": 0.8284720993041992,
        "mpiw_large": 2.3876114559173582,
        "overall_coverage": 0.003605769230769231,
        "overall_mpiw": 1.4021408700942992
      },
      "tau": 0.9866635799407959,
      "is_best": false
    },
    {
      "epoch": 2,
      "train_loss": 1.1196884665064222,
      "train_metrics": {
        "total_loss": 1.1196884665064222,
        "coverage_loss": 0.417078968418869,
        "efficiency_loss": 0.01911144089825969,
        "ordering_violation": 0.0,
        "coverage_penalty": 0.6997427820168953,
        "coverage_small": 0.00917200187351627,
        "coverage_medium": 0.0058265549696901505,
        "coverage_large": 0.006535367010345638,
        "mpiw_small": 0.5261030559543396,
        "mpiw_medium": 0.8750802784527897,
        "mpiw_large": 2.566532382972291,
        "overall_coverage": 0.0030943537763466044,
        "overall_mpiw": 1.442932144302616
      },
      "val_metrics": {
        "total_loss": 1.119033646583557,
        "coverage_loss": 0.41702194809913634,
        "efficiency_loss": 0.017275778576731682,
        "ordering_violation": 0.0,
        "coverage_penalty": 0.6994203329086304,
        "coverage_small": 0.016490706708282232,
        "coverage_medium": 0.007233147198955218,
        "coverage_large": 0.0050758893808556926,
        "mpiw_small": 0.4831686091423035,
        "mpiw_medium": 0.8113700556755066,
        "mpiw_large": 2.3383358669281007,
        "overall_coverage": 0.003155048076923077,
        "overall_mpiw": 1.3732007598876954
      },
      "tau": 0.9663000106811523,
      "is_best": false
    },
    {
      "epoch": 3,
      "train_loss": 1.1196040615574472,
      "train_metrics": {
        "total_loss": 1.1196040615574472,
        "coverage_loss": 0.41718479592544433,
        "efficiency_loss": 0.017791911250604964,
        "ordering_violation": 0.0,
        "coverage_penalty": 0.6997504780389752,
        "coverage_small": 0.009212137100153736,
        "coverage_medium": 0.005653908921648626,
        "coverage_large": 0.006396135896675752,
        "mpiw_small": 0.4919898037058709,
        "mpiw_medium": 0.8163249251345494,
        "mpiw_large": 2.374483556725828,
        "overall_coverage": 0.0029907349717189125,
        "overall_mpiw": 1.33878879019501
      },
      "val_metrics": {
        "total_loss": 1.1198777437210083,
        "coverage_loss": 0.41747650742530823,
        "efficiency_loss": 0.016737101972103118,
        "ordering_violation": 0.0,
        "coverage_penalty": 0.6998906707763672,
        "coverage_small": 0.011440201662480831,
        "coverage_medium": 0.005391526501625776,
        "coverage_large": 0.005106510827317834,
        "mpiw_small": 0.46809619665145874,
        "mpiw_medium": 0.786074914932251,
        "mpiw_large": 2.2654400062561035,
        "overall_coverage": 0.0025540865384615385,
        "overall_mpiw": 1.3303896474838257
      },
      "tau": 0.936176061630249,
      "is_best": false
    },
    {
      "epoch": 4,
      "train_loss": 1.1198271358121197,
      "train_metrics": {
        "total_loss": 1.1198271358121197,
        "coverage_loss": 0.4173664690594659,
        "efficiency_loss": 0.01687809532041186,
        "ordering_violation": 0.0,
        "coverage_penalty": 0.6999289534783435,
        "coverage_small": 0.008935831263419482,
        "coverage_medium": 0.0056674889379103015,
        "coverage_large": 0.006327649758366699,
        "mpiw_small": 0.4660657427507225,
        "mpiw_medium": 0.7747360832111353,
        "mpiw_large": 2.2522201764979752,
        "overall_coverage": 0.0029125548245614035,
        "overall_mpiw": 1.2698650278173544
      },
      "val_metrics": {
        "total_loss": 1.11977961063385,
        "coverage_loss": 0.41747650742530823,
        "efficiency_loss": 0.016082973927259447,
        "ordering_violation": 0.0,
        "coverage_penalty": 0.6998906707763672,
        "coverage_small": 0.011440201662480831,
        "coverage_medium": 0.005391526501625776,
        "coverage_large": 0.005106510827317834,
        "mpiw_small": 0.449802839756012,
        "mpiw_medium": 0.7553529286384583,
        "mpiw_large": 2.1769004440307618,
        "overall_coverage": 0.0025540865384615385,
        "overall_mpiw": 1.278394660949707
      },
      "tau": 0.8995877504348755,
      "is_best": false
    },
    {
      "epoch": 5,
      "train_loss": 1.1201550239342577,
      "train_metrics": {
        "total_loss": 1.1201550239342577,
        "coverage_loss": 0.4176204081883603,
        "efficiency_loss": 0.01605011350714413,
        "ordering_violation": 0.0,
        "coverage_penalty": 0.7001270984054693,
        "coverage_small": 0.008868474549483604,
        "coverage_medium": 0.005679746113442393,
        "coverage_large": 0.006103650555849286,
        "mpiw_small": 0.4437828434242943,
        "mpiw_medium": 0.73733931145099,
        "mpiw_large": 2.1381641464291024,
        "overall_coverage": 0.0026737570056113704,
        "overall_mpiw": 1.2066296190473609
      },
      "val_metrics": {
        "total_loss": 1.1198440790176392,
        "coverage_loss": 0.41757834792137144,
        "efficiency_loss": 0.015381770879030228,
        "ordering_violation": 0.0,
        "coverage_penalty": 0.6999584674835205,
        "coverage_small": 0.011440201662480831,
        "coverage_medium": 0.005262430990114808,
        "coverage_large": 0.005203901124852044,
        "mpiw_small": 0.43018786430358885,
        "mpiw_medium": 0.72242280960083,
        "mpiw_large": 2.081998596191406,
        "overall_coverage": 0.00244140625,
        "overall_mpiw": 1.2226616764068603
      },
      "tau": 0.8603700995445251,
      "is_best": false
    },
    {
      "epoch": 6,
      "train_loss": 1.1201244372075418,
      "train_metrics": {
        "total_loss": 1.1201244372075418,
        "coverage_loss": 0.4176858524001257,
        "efficiency_loss": 0.015264074852003567,
        "ordering_violation": 0.0,
        "coverage_penalty": 0.7001489729499529,
        "coverage_small": 0.009158618824972592,
        "coverage_medium": 0.0055380303791025655,
        "coverage_large": 0.00596593829210509,
        "mpiw_small": 0.42198714247012786,
        "mpiw_medium": 0.7012958319525704,
        "mpiw_large": 2.0337691189119105,