{
  "attempt_number": 1,
  "config": {
    "hidden_dims": [
      256,
      128,
      64
    ],
    "dropout": 0.1,
    "activation": "elu",
    "learning_rate": 0.0005,
    "batch_size": 512,
    "lambda_efficiency": 0.25,
    "scheduler": "cosine",
    "epochs": 50,
    "patience": 10,
    "target_coverage": 0.9
  },
  "best_coverage": 0.0,
  "best_mpiw": Infinity,
  "best_mpiw_small": 0,
  "best_mpiw_medium": 0,
  "best_mpiw_large": 0,
  "baseline_mpiw": 48.5,
  "mpiw_reduction": 0,
  "total_epochs": 10,
  "total_time": 97.7535994052887,
  "training_history": [
    {
      "epoch": 1,
      "train_loss": 1.1216660159952332,
      "train_metrics": {
        "total_loss": 1.1216660159952332,
        "coverage_loss": 0.41792687015140884,
        "efficiency_loss": 0.013526586490736717,
        "ordering_violation": 0.0,
        "coverage_penalty": 0.7003574981340108,
        "coverage_small": 0.009054786861449683,
        "coverage_medium": 0.005609648539261385,
        "coverage_large": 0.006155890725494828,
        "mpiw_small": 0.3739553422208459,
        "mpiw_medium": 0.6218757410153881,
        "mpiw_large": 1.8007883668125937,
        "overall_coverage": 0.0027351939203354297,
        "overall_mpiw": 1.0160349338706527
      },
      "val_metrics": {
        "total_loss": 1.1213632583618165,
        "coverage_loss": 0.4186577582359314,
        "efficiency_loss": 0.007494356092065573,
        "ordering_violation": 0.0,
        "coverage_penalty": 0.7008319091796875,
        "coverage_small": 0.008403361774981022,
        "coverage_medium": 0.0,
        "coverage_large": 0.0,
        "mpiw_small": 0.20959530770778656,
        "mpiw_medium": 0.35198307275772095,
        "mpiw_large": 1.0144037365913392,
        "overall_coverage": 0.001953125,
        "overall_mpiw": 0.5957117438316345
      },
      "tau": 0.41919487714767456,
      "is_best": false
    },
    {
      "epoch": 2,
      "train_loss": 1.120396627490254,
      "train_metrics": {
        "total_loss": 1.120396627490254,
        "coverage_loss": 0.4187920423522817,
        "efficiency_loss": 0.0024611739230901604,
        "ordering_violation": 0.0001105453879467354,
        "coverage_penalty": 0.7009891406647029,
        "coverage_small": 0.00803225813433528,
        "coverage_medium": 0.005260684061795473,
        "coverage_large": 0.005132676451466978,
        "mpiw_small": 0.06899422376450053,
        "mpiw_medium": 0.11470830484905138,
        "mpiw_large": 0.33244415782606124,
        "overall_coverage": 0.001953125,
        "overall_mpiw": 0.1875302300505438
      },
      "val_metrics": {
        "total_loss": 1.1198143672943115,
        "coverage_loss": 0.41880831122398376,
        "efficiency_loss": 2.428152278298512e-05,
        "ordering_violation": 0.0,
        "coverage_penalty": 0.7009999752044678,
        "coverage_small": 0.0,
        "coverage_medium": 0.0,
        "coverage_large": 0.0,
        "mpiw_small": 0.0006776746502146125,
        "mpiw_medium": 0.00114104637876153,
        "mpiw_large": 0.0032902464270591738,
        "overall_coverage": 0.0,
        "overall_mpiw": 0.0019315065396949649
      },
      "tau": 0.0013591500464826822,
      "is_best": false
    },
    {
      "epoch": 3,
      "train_loss": 1.1198114699647506,
      "train_metrics": {
        "total_loss": 1.1198114699647506,
        "coverage_loss": 0.41880831122398376,
        "efficiency_loss": 1.1855563203493266e-05,
        "ordering_violation": 5.5613747493820345e-05,
        "coverage_penalty": 0.7009999752044678,
        "coverage_small": 0.0,
        "coverage_medium": 0.0,
        "coverage_large": 0.0,
        "mpiw_small": 0.00034225147957468385,
        "mpiw_medium": 0.0005685113992810995,
        "mpiw_large": 0.001648104282394675,
        "overall_coverage": 0.0,
        "overall_mpiw": 0.0009298474066502157
      },
      "val_metrics": {
        "total_loss": 1.1198129177093505,
        "coverage_loss": 0.41880831122398376,
        "efficiency_loss": 1.85117925866507e-05,
        "ordering_violation": 0.0,
        "coverage_penalty": 0.7009999752044678,
        "coverage_small": 0.0,
        "coverage_medium": 0.0,
        "coverage_large": 0.0,
        "mpiw_small": 0.0005166578595526516,
        "mpiw_medium": 0.0008699339046142995,
        "mpiw_large": 0.0025083704572170973,
        "overall_coverage": 0.0,
        "overall_mpiw": 0.0014725325629115105
      },
      "tau": 0.0010362440953031182,
      "is_best": false
    },
    {
      "epoch": 4,
      "train_loss": 1.1198110564237636,
      "train_metrics": {
        "total_loss": 1.1198110564237636,
        "coverage_loss": 0.41880831122398376,
        "efficiency_loss": 1.0302203625355884e-05,
        "ordering_violation": 5.1508007736629224e-05,
        "coverage_penalty": 0.7009999752044678,
        "coverage_small": 0.0,
        "coverage_medium": 0.0,
        "coverage_large": 0.0,
        "mpiw_small": 0.000296687415573776,
        "mpiw_medium": 0.0004931464217093715,
        "mpiw_large": 0.001428288433872399,
        "overall_coverage": 0.0,
        "overall_mpiw": 0.0008060991001735713
      },
      "val_metrics": {
        "total_loss": 1.11981192111969,
        "coverage_loss": 0.41880831122398376,
        "efficiency_loss": 1.4503486199828331e-05,
        "ordering_violation": 0.0,
        "coverage_penalty": 0.7009999752044678,
        "coverage_small": 0.0,
        "coverage_medium": 0.0,
        "coverage_large": 0.0,
        "mpiw_small": 0.0004053486639168113,
        "mpiw_medium": 0.000681019313633442,
        "mpiw_large": 0.0019646256882697344,
        "overall_coverage": 0.0,
        "overall_mpiw": 0.0011533588264137507
      },
      "tau": 0.0008113154326565564,
      "is_best": false
    },
    {
      "epoch": 5,
      "train_loss": 1.1198109911467733,
      "train_metrics": {
        "total_loss": 1.1198109911467733,
        "coverage_loss": 0.41880831122398376,
        "efficiency_loss": 9.987013932113592e-06,
        "ordering_violation": 5.53523375901932e-05,
        "coverage_penalty": 0.7009999752044678,
        "coverage_small": 0.0,
        "coverage_medium": 0.0,
        "coverage_large": 0.0,
        "mpiw_small": 0.0002877338063130871,
        "mpiw_medium": 0.00047824668538508776,
        "mpiw_large": 0.0013849119705420124,
        "overall_coverage": 0.0,
        "overall_mpiw": 0.0007821895812679901
      },
      "val_metrics": {
        "total_loss": 1.1198122882843018,
        "coverage_loss": 0.41880831122398376,
        "efficiency_loss": 1.6004030403564684e-05,
        "ordering_violation": 0.0,
        "coverage_penalty": 0.7009999752044678,
        "coverage_small": 0.0,
        "coverage_medium": 0.0,
        "coverage_large": 0.0,
        "mpiw_small": 0.00044871217105537655,
        "mpiw_medium": 0.0007509114593267441,
        "mpiw_large": 0.0021644378546625377,
        "overall_coverage": 0.0,
        "overall_mpiw": 0.0012713601300492882
      },
      "tau": 0.0008940963889472187,
      "is_best": false
    },
    {
      "epoch": 6,
      "train_loss": 1.1198109221782568,
      "train_metrics": {
        "total_loss": 1.1198109221782568,
        "coverage_loss": 0.41880831122398376,
        "efficiency_loss": 9.785917248852554e-06,
        "ordering_violation": 4.917789553973325e-05,
        "coverage_penalty": 0.7009999752044678,
        "coverage_small": 0.0,
        "coverage_medium": 0.0,
        "coverage_large": 0.0,
        "mpiw_small": 0.0002821589114814382,
        "mpiw_medium": 0.00046888789764524603,
        "mpiw_large": 0.001358911241214681,
        "overall_coverage": 0.0,
        "overall_mpiw": 0.000767234972867493
      },
      "val_metrics": {
        "total_loss": 1.1198110485076904,
        "coverage_loss": 0.41880831122398376,
        "efficiency_loss": 1.099915327358758e-05,
        "ordering_violation": 0.0,
        "coverage_penalty": 0.7009999752044678,
        "coverage_small": 0.0,
        "coverage_medium": 0.0,